delivery_id,customer_name,postcode,parcel,latitude,longitude
0,DPD Hinckley Depot,LE10 3BQ,"{'weight': 0, 'volume': 0}",52.527037,-1.390319
1,Simran Brown,CV10 7EZ,"{'weight': 20, 'volume': 0.15}",52.517821,-1.480447
2,Mia Hill,LE2 2RL,"{'weight': 10, 'volume': 0.1}",52.613144,-1.093775
3,James Kowalski,CV1 2LN,"{'weight': 30, 'volume': 0.2}",52.403104,-1.507282
4,Ethan Morris,NG6 8DP,"{'weight': 20, 'volume': 0.15}",53.009102,-1.196753
5,George Hussain,NG17 2JE,"{'weight': 10, 'volume': 0.1}",53.125304,-1.300409
6,James Khan,NG7 5AF,"{'weight': 30, 'volume': 0.2}",52.962843,-1.170634
7,Ravi Thomas,LE19 1YR,"{'weight': 20, 'volume': 0.15}",52.606194,-1.190553
8,Liam Nwosu,LE7 9DF,"{'weight': 30, 'volume': 0.2}",52.636553,-0.856648
9,Lucas Jones,B12 0NW,"{'weight': 30, 'volume': 0.2}",52.473221,-1.882869
10,Emily Wilson,LE4 8HG,"{'weight': 20, 'volume': 0.15}",52.672464,-1.092978
11,Ethan Davis,LE3 0SH,"{'weight': 30, 'volume': 0.2}",52.632468,-1.160252
12,Oliver Roberts,LE8 8UH,"{'weight': 10, 'volume': 0.1}",52.528854,-1.042588
13,Aiden Davis,NG16 3PQ,"{'weight': 10, 'volume': 0.1}",53.017304,-1.315274
14,Aaron Osei,NG11 6QQ,"{'weight': 10, 'volume': 0.1}",52.849822,-1.140831
15,Ethan Wilson,B23 3JH,"{'weight': 30, 'volume': 0.2}",52.524865,-1.840679
16,Aaron Iqbal,LE2 3AQ,"{'weight': 10, 'volume': 0.1}",52.614532,-1.122931
17,Zara Wilson,NG8 6BQ,"{'weight': 30, 'volume': 0.2}",52.982609,-1.211396
18,Leon Khan,B11 1HH,"{'weight': 10, 'volume': 0.1}",52.465072,-1.869996
19,Isabella Smith,NG6 0EZ,"{'weight': 20, 'volume': 0.15}",52.986654,-1.180724
20,Chloe Hill,B18 5RH,"{'weight': 30, 'volume': 0.2}",52.494123,-1.927426
21,Emily Singh,CV2 3PW,"{'weight': 30, 'volume': 0.2}",52.424541,-1.48072
22,Fatima Begum,LE2 9LS,"{'weight': 10, 'volume': 0.1}",52.589647,-1.156272
23,Mohammed Shah,NG3 5FH,"{'weight': 20, 'volume': 0.15}",52.978017,-1.135285
24,Ravi Patel,B12 8AH,"{'weight': 10, 'volume': 0.1}",52.455357,-1.873203
25,Aaron Smith,B3 3YA,"{'weight': 10, 'volume': 0.1}",52.495968,-1.894209
26,Fatima Taylor,CV2 1NZ,"{'weight': 20, 'volume': 0.15}",52.450404,-1.454372
27,Leon Smith,NG2 7TJ,"{'weight': 20, 'volume': 0.15}",52.922741,-1.152733
28,Mia Brown,NG16 5BG,"{'weight': 10, 'volume': 0.1}",53.047284,-1.317082
29,Fatima Brown,B2 5LG,"{'weight': 20, 'volume': 0.15}",52.481289,-1.896085
30,Isabella Hussain,LE19 4PG,"{'weight': 10, 'volume': 0.1}",52.588176,-1.210279
31,Sarah Morris,LE8 6BJ,"{'weight': 30, 'volume': 0.2}",52.563653,-1.176139
32,Oliver Roberts,B1 3RL,"{'weight': 10, 'volume': 0.1}",52.48232,-1.915121
33,Daniel Wilson,LE9 7EF,"{'weight': 30, 'volume': 0.2}",52.579714,-1.29846
34,Aaron Singh,B7 4DS,"{'weight': 10, 'volume': 0.1}",52.490528,-1.883191
35,Priya Clarke,B4 7XR,"{'weight': 20, 'volume': 0.15}",52.483968,-1.886374
36,Mia Kaur,CV4 9QB,"{'weight': 30, 'volume': 0.2}",52.409272,-1.58223
37,Daniel Williams,LE2 7JR,"{'weight': 20, 'volume': 0.15}",52.622829,-1.137523
38,Aaron Iqbal,B15 1JL,"{'weight': 30, 'volume': 0.2}",52.470329,-1.918162
39,Priya Johnson,NG1 4EZ,"{'weight': 30, 'volume': 0.2}",52.959777,-1.151414
40,Sarah Morris,B12 8RF,"{'weight': 10, 'volume': 0.1}",52.454744,-1.879989
41,James Kowalski,LE19 2HW,"{'weight': 10, 'volume': 0.1}",52.565983,-1.205321
42,Charlotte Morris,CV6 1BE,"{'weight': 10, 'volume': 0.1}",52.416495,-1.530408
43,Aisha Kowalski,B8 2UY,"{'weight': 10, 'volume': 0.1}",52.496367,-1.841314
44,Ethan Ali,NG7 6PL,"{'weight': 20, 'volume': 0.15}",52.96843,-1.164869
45,Daniel Taylor,LE8 4FB,"{'weight': 10, 'volume': 0.1}",52.574921,-1.16256
46,Mohammed Morris,LE2 1FU,"{'weight': 10, 'volume': 0.1}",52.627408,-1.112302
47,Daniel Iqbal,NG10 4DZ,"{'weight': 30, 'volume': 0.2}",52.907458,-1.291534
48,Ravi Ahmed,CV5 6GA,"{'weight': 20, 'volume': 0.15}",52.400874,-1.531558
49,Sarah Rahman,LE19 4LE,"{'weight': 20, 'volume': 0.15}",52.586351,-1.208836
50,Aaron Johnson,NG11 6RL,"{'weight': 30, 'volume': 0.2}",52.899789,-1.153745
51,Yasmin Hussain,LE18 9BG,"{'weight': 30, 'volume': 0.2}",52.584289,-1.108317
52,Mia Sharma,B1 2PS,"{'weight': 10, 'volume': 0.1}",52.481918,-1.91923
53,Sarah Sharma,CV2 1NU,"{'weight': 20, 'volume': 0.15}",52.468071,-1.450797
54,George Sharma,B14 7JB,"{'weight': 10, 'volume': 0.1}",52.430346,-1.89004
55,Emily Singh,B9 5RG,"{'weight': 30, 'volume': 0.2}",52.476908,-1.844697
56,Sophia Thomas,NG5 1AG,"{'weight': 10, 'volume': 0.1}",52.970298,-1.155705
57,Aisha Singh,B10 9SN,"{'weight': 20, 'volume': 0.15}",52.470199,-1.856983
58,Mohammed Walker,B6 6AB,"{'weight': 10, 'volume': 0.1}",52.505872,-1.900697
59,Ravi Davis,NG11 8RE,"{'weight': 20, 'volume': 0.15}",52.900555,-1.194241
60,James Nwosu,CV5 8FP,"{'weight': 10, 'volume': 0.1}",52.411171,-1.546253
61,Zara Iqbal,LE9 7HY,"{'weight': 10, 'volume': 0.1}",52.56921,-1.328785
62,Isabella Williams,NG8 1FH,"{'weight': 20, 'volume': 0.15}",52.95293,-1.197109
63,Zara Singh,NG6 8AR,"{'weight': 20, 'volume': 0.15}",53.007057,-1.192171
64,Ravi Osei,NG5 1DA,"{'weight': 20, 'volume': 0.15}",52.977243,-1.15901
65,Leon Roberts,B16 8AB,"{'weight': 10, 'volume': 0.1}",52.478546,-1.917941
66,Daniel Brown,B1 2DR,"{'weight': 10, 'volume': 0.1}",52.478422,-1.908341
67,Zara Jones,CV6 6AX,"{'weight': 10, 'volume': 0.1}",52.45284,-1.50355
68,Chloe Walker,NG6 0AW,"{'weight': 30, 'volume': 0.2}",52.986928,-1.183996
69,Ravi Wilson,CV8 2RP,"{'weight': 10, 'volume': 0.1}",52.339439,-1.525703
70,Mia Sharma,LE5 1LB,"{'weight': 20, 'volume': 0.15}",52.646,-1.052051
71,Simran Hill,NG10 5EW,"{'weight': 20, 'volume': 0.15}",52.931095,-1.295106
72,Aaron Evans,LE4 6GT,"{'weight': 20, 'volume': 0.15}",52.650978,-1.108455
73,Lucas Thomas,CV5 9JJ,"{'weight': 10, 'volume': 0.1}",52.416114,-1.557699
74,Leon Kaur,B6 6BX,"{'weight': 20, 'volume': 0.15}",52.50549,-1.895689
75,George Wilson,CV5 6NW,"{'weight': 20, 'volume': 0.15}",52.400403,-1.526066
76,Aiden Nwosu,LE7 9DP,"{'weight': 30, 'volume': 0.2}",52.627942,-0.861423
77,Fatima Iqbal,NG15 8GZ,"{'weight': 30, 'volume': 0.2}",53.049704,-1.201832
78,Simran Khan,CV5 7LG,"{'weight': 20, 'volume': 0.15}",52.412829,-1.578786
79,Noah Osei,NG15 7SQ,"{'weight': 30, 'volume': 0.2}",53.033226,-1.194933
80,Lucas Ahmed,B20 2DY,"{'weight': 30, 'volume': 0.2}",52.514549,-1.915
81,Aaron Roberts,B5 6DG,"{'weight': 20, 'volume': 0.15}",52.472274,-1.898388
82,George Clarke,B15 1RP,"{'weight': 10, 'volume': 0.1}",52.469414,-1.919768
83,Aisha Ali,NG8 1AS,"{'weight': 10, 'volume': 0.1}",52.953832,-1.189501
84,Aiden Smith,CV4 9GP,"{'weight': 20, 'volume': 0.15}",52.395043,-1.606789
85,Isabella Nwosu,NG7 6AD,"{'weight': 10, 'volume': 0.1}",52.964656,-1.167666
86,Aiden Jones,NG17 3AZ,"{'weight': 30, 'volume': 0.2}",53.139744,-1.260874
87,Isabella Taylor,CV4 0WU,"{'weight': 20, 'volume': 0.15}",52.381739,-1.4608
88,Amelia Sharma,B13 9UH,"{'weight': 10, 'volume': 0.1}",52.436093,-1.883054
89,Noah Davis,B6 5HL,"{'weight': 10, 'volume': 0.1}",52.5024,-1.888581
90,Noah Osei,B8 1SU,"{'weight': 30, 'volume': 0.2}",52.49335,-1.851119
91,Mia Rahman,NG6 8JP,"{'weight': 20, 'volume': 0.15}",53.002977,-1.20703
92,Tyler Wilson,NG7 4AJ,"{'weight': 20, 'volume': 0.15}",52.961406,-1.16947
93,Sophia Smith,B24 0LQ,"{'weight': 30, 'volume': 0.2}",52.524726,-1.813603
94,Harry Taylor,B75 5RZ,"{'weight': 20, 'volume': 0.15}",52.598234,-1.770389
95,Mohammed Ahmed,LE8 4BQ,"{'weight': 20, 'volume': 0.15}",52.564167,-1.160979
96,Chloe Thomas,LE3 1PJ,"{'weight': 30, 'volume': 0.2}",52.6257,-1.170722
97,Isabella Hill,CV10 7DS,"{'weight': 30, 'volume': 0.2}",52.516424,-1.489983
98,Aaron Ahmed,NG2 7BX,"{'weight': 10, 'volume': 0.1}",52.917104,-1.122905
99,Daniel Evans,NG3 5UT,"{'weight': 20, 'volume': 0.15}",52.991149,-1.108236
100,Ravi Rahman,B12 0AD,"{'weight': 30, 'volume': 0.2}",52.47291,-1.88599
101,Isabella Roberts,LE7 7DG,"{'weight': 10, 'volume': 0.1}",52.675358,-1.189794
102,Nadia Smith,B2 4BA,"{'weight': 20, 'volume': 0.15}",52.479307,-1.901861
103,Mohammed Johnson,B1 2JR,"{'weight': 10, 'volume': 0.1}",52.476012,-1.907139
104,Fatima Ali,B17 8PL,"{'weight': 30, 'volume': 0.2}",52.470071,-1.955508
105,Daniel Ahmed,LE3 2YA,"{'weight': 20, 'volume': 0.15}",52.602375,-1.179076
106,Charlotte Hussain,CV11 6XX,"{'weight': 10, 'volume': 0.1}",52.534467,-1.430847
107,George Singh,CV5 6QQ,"{'weight': 30, 'volume': 0.2}",52.395739,-1.52419
108,Isabella Hill,B3 2QX,"{'weight': 30, 'volume': 0.2}",52.482306,-1.897216
109,Harry Singh,CV10 8EL,"{'weight': 30, 'volume': 0.2}",52.52003,-1.488129
110,Zara Kaur,CV6 1HR,"{'weight': 30, 'volume': 0.2}",52.41771,-1.526293
111,Sophia Davis,B15 2NB,"{'weight': 30, 'volume': 0.2}",52.46495,-1.913668
112,Amelia Rahman,NG3 4HP,"{'weight': 30, 'volume': 0.2}",52.964376,-1.145816
113,Lucas Wilson,B14 6TR,"{'weight': 30, 'volume': 0.2}",52.425279,-1.904582
114,Charlotte Wilson,LE1 2EJ,"{'weight': 10, 'volume': 0.1}",52.639637,-1.123523
115,Fatima Williams,CV4 9GG,"{'weight': 20, 'volume': 0.15}",52.400401,-1.598658
116,Chloe Taylor,B21 0BJ,"{'weight': 20, 'volume': 0.15}",52.507372,-1.960893
117,Aiden Williams,NG1 2EH,"{'weight': 10, 'volume': 0.1}",52.953812,-1.146976
118,Chloe Hill,B23 7PB,"{'weight': 30, 'volume': 0.2}",52.511103,-1.856128
119,Aaron Rahman,LE10 0FU,"{'weight': 20, 'volume': 0.15}",52.533256,-1.400346
120,Priya Taylor,CV1 1LF,"{'weight': 30, 'volume': 0.2}",52.406853,-1.511576
121,Oliver Kaur,B23 6JE,"{'weight': 20, 'volume': 0.15}",52.528671,-1.857396
122,Isabella Wilson,NG8 4LU,"{'weight': 30, 'volume': 0.2}",52.961708,-1.223477
123,Chloe Morris,NG2 4FN,"{'weight': 10, 'volume': 0.1}",52.951336,-1.124177
124,Aaron Walker,B11 1PH,"{'weight': 30, 'volume': 0.2}",52.46092,-1.863606
125,Mia Johnson,NG5 2BY,"{'weight': 20, 'volume': 0.15}",52.970358,-1.154007
126,Sarah Iqbal,LE1 1AQ,"{'weight': 30, 'volume': 0.2}",52.634117,-1.12848
127,Oliver Johnson,CV7 8DA,"{'weight': 20, 'volume': 0.15}",52.473444,-1.572393
128,Fatima Singh,B74 4AW,"{'weight': 30, 'volume': 0.2}",52.586553,-1.833445
129,Priya Johnson,LE5 5BW,"{'weight': 20, 'volume': 0.15}",52.630175,-1.10607
130,James Rahman,CV10 0GQ,"{'weight': 20, 'volume': 0.15}",52.540758,-1.521963
131,Sophia Brown,B8 3SP,"{'weight': 20, 'volume': 0.15}",52.486965,-1.849094
132,Noah Patel,CV3 2GF,"{'weight': 30, 'volume': 0.2}",52.397493,-1.453378
133,Emily Hill,NG16 1FU,"{'weight': 20, 'volume': 0.15}",53.016902,-1.23322
134,Charlotte Rahman,LE5 1SR,"{'weight': 30, 'volume': 0.2}",52.651469,-1.052361
135,Liam Begum,NG16 5AG,"{'weight': 10, 'volume': 0.1}",53.034357,-1.315437
136,Yasmin Shah,LE19 1WG,"{'weight': 10, 'volume': 0.1}",52.607057,-1.194435
137,Isabella Williams,LE6 0BW,"{'weight': 20, 'volume': 0.15}",52.662066,-1.23376
138,Yasmin Smith,B73 6BE,"{'weight': 30, 'volume': 0.2}",52.570354,-1.834318
139,George Johnson,LE8 9GD,"{'weight': 20, 'volume': 0.15}",52.576611,-1.030482
140,Isabella Evans,NG2 4DU,"{'weight': 30, 'volume': 0.2}",52.944573,-1.123793
141,Lucas Davis,NG2 7ZZ,"{'weight': 30, 'volume': 0.2}",52.931284,-1.143208
142,Priya Patel,B90 3HT,"{'weight': 10, 'volume': 0.1}",52.414923,-1.819786
143,Noah Nwosu,NG7 3RA,"{'weight': 30, 'volume': 0.2}",52.957666,-1.168158
144,Isabella Williams,CV4 8DL,"{'weight': 30, 'volume': 0.2}",52.39455,-1.573243
145,Leon Khan,B12 0DP,"{'weight': 20, 'volume': 0.15}",52.461544,-1.883753
146,Ethan Evans,NG15 6TY,"{'weight': 20, 'volume': 0.15}",53.033388,-1.237372
147,Mohammed Morris,NG9 9JL,"{'weight': 30, 'volume': 0.2}",52.92993,-1.197817
148,Ravi Hussain,CV4 8ES,"{'weight': 10, 'volume': 0.1}",52.393278,-1.564732
149,Emily Brown,B6 7LZ,"{'weight': 20, 'volume': 0.15}",52.503957,-1.873108
150,Liam Sharma,B11 2AX,"{'weight': 20, 'volume': 0.15}",52.460556,-1.837822
151,George Johnson,B16 0PG,"{'weight': 10, 'volume': 0.1}",52.482367,-1.950107
152,Mohammed Ahmed,B13 9PE,"{'weight': 20, 'volume': 0.15}",52.443451,-1.878047
153,Sarah Hill,CV13 6FD,"{'weight': 30, 'volume': 0.2}",52.570186,-1.405583
154,Aaron Thomas,NG17 8TB,"{'weight': 30, 'volume': 0.2}",53.106738,-1.248428
155,Mia Clarke,NG17 3LT,"{'weight': 30, 'volume': 0.2}",53.143274,-1.254758
156,Nadia Clarke,LE7 7LE,"{'weight': 20, 'volume': 0.15}",52.707799,-1.153241
157,Fatima Shah,B2 2TS,"{'weight': 20, 'volume': 0.15}",52.480594,-1.903183
158,Harry Ali,LE1 4SX,"{'weight': 20, 'volume': 0.15}",52.637338,-1.136115
159,Lucas Kowalski,NG10 1LE,"{'weight': 20, 'volume': 0.15}",52.896853,-1.274002
160,Lucas Johnson,NG6 0HD,"{'weight': 30, 'volume': 0.2}",52.978885,-1.180394
161,Yasmin Morris,LE2 3RB,"{'weight': 10, 'volume': 0.1}",52.60153,-1.102135
162,Zara Johnson,LE9 6PR,"{'weight': 30, 'volume': 0.2}",52.528842,-1.223887
163,George Clarke,LE6 0NG,"{'weight': 20, 'volume': 0.15}",52.648499,-1.240575
164,Emily Clarke,NG10 4FE,"{'weight': 30, 'volume': 0.2}",52.905869,-1.28582
165,Chloe Williams,LE8 5PF,"{'weight': 10, 'volume': 0.1}",52.545346,-1.155306
166,Aaron Taylor,LE4 7PH,"{'weight': 30, 'volume': 0.2}",52.665764,-1.09393
167,Ravi Taylor,CV12 0JB,"{'weight': 10, 'volume': 0.1}",52.46568,-1.51047
168,Noah Hussain,LE9 8LN,"{'weight': 20, 'volume': 0.15}",52.577509,-1.338664
169,Mohammed Jones,B25 8AE,"{'weight': 30, 'volume': 0.2}",52.462389,-1.818563
170,Fatima Jones,NG15 7UX,"{'weight': 30, 'volume': 0.2}",53.036011,-1.198744
171,Sophia Khan,CV2 5AU,"{'weight': 30, 'volume': 0.2}",52.409294,-1.454776
172,Priya Smith,B73 5JL,"{'weight': 30, 'volume': 0.2}",52.537356,-1.83108
173,Zara Roberts,NG15 7TT,"{'weight': 20, 'volume': 0.15}",53.039591,-1.197708
174,Daniel Clarke,NG3 6DG,"{'weight': 10, 'volume': 0.1}",52.985084,-1.11706
175,Isabella Johnson,B90 1BQ,"{'weight': 10, 'volume': 0.1}",52.409771,-1.85156
176,Emily Ahmed,NG6 8TB,"{'weight': 30, 'volume': 0.2}",52.999765,-1.198625
177,Charlotte Rahman,B90 3DJ,"{'weight': 20, 'volume': 0.15}",52.403218,-1.813674
178,Charlotte Rahman,B8 2LQ,"{'weight': 10, 'volume': 0.1}",52.491395,-1.827958
179,Yasmin Roberts,NG5 6HE,"{'weight': 10, 'volume': 0.1}",53.001535,-1.140462
180,Mohammed Hussain,LE9 9DR,"{'weight': 10, 'volume': 0.1}",52.628457,-1.287768
181,Fatima Kowalski,LE9 7LB,"{'weight': 10, 'volume': 0.1}",52.574471,-1.322788
182,Noah Sharma,B14 5BP,"{'weight': 10, 'volume': 0.1}",52.410163,-1.880549
183,Nadia Begum,B6 7AU,"{'weight': 10, 'volume': 0.1}",52.526185,-1.886427
184,George Hussain,B12 8JL,"{'weight': 20, 'volume': 0.15}",52.457336,-1.874124
185,Nadia Kowalski,B9 5SB,"{'weight': 30, 'volume': 0.2}",52.480909,-1.831357
186,Oliver Thomas,B17 9LZ,"{'weight': 10, 'volume': 0.1}",52.46054,-1.950794
187,Sarah Hill,LE4 5ED,"{'weight': 20, 'volume': 0.15}",52.654958,-1.1189
188,Fatima Begum,LE18 4PJ,"{'weight': 20, 'volume': 0.15}",52.576358,-1.134775
189,Liam Kowalski,LE6 0FX,"{'weight': 30, 'volume': 0.2}",52.662601,-1.231651
190,Noah Iqbal,B7 4SH,"{'weight': 30, 'volume': 0.2}",52.487168,-1.868444
191,Liam Khan,B2 4UY,"{'weight': 10, 'volume': 0.1}",52.495968,-1.894209
192,Emily Jones,LE10 3EL,"{'weight': 30, 'volume': 0.2}",52.528839,-1.392682
193,Nadia Johnson,NG17 1GZ,"{'weight': 30, 'volume': 0.2}",53.114972,-1.269904
194,Mia Kaur,NG7 1SF,"{'weight': 20, 'volume': 0.15}",52.94794,-1.17327
195,Leon Morris,NG5 4HT,"{'weight': 20, 'volume': 0.15}",52.992603,-1.134725
196,Simran Johnson,B18 4RE,"{'weight': 20, 'volume': 0.15}",52.495171,-1.935113
197,Lucas Williams,NG7 3EH,"{'weight': 10, 'volume': 0.1}",52.955926,-1.181677
198,Lucas Rahman,B12 0UP,"{'weight': 10, 'volume': 0.1}",52.467193,-1.886447
199,Charlotte Rahman,NG2 4JN,"{'weight': 30, 'volume': 0.2}",52.950596,-1.132334
200,Ethan Wilson,CV2 5EP,"{'weight': 30, 'volume': 0.2}",52.416835,-1.458315
201,Harry Hill,B16 0ND,"{'weight': 10, 'volume': 0.1}",52.480649,-1.94868
202,Isabella Roberts,NG17 3HA,"{'weight': 10, 'volume': 0.1}",53.14053,-1.279083
203,Mohammed Clarke,LE18 1FS,"{'weight': 20, 'volume': 0.15}",52.593183,-1.115902
204,Emily Osei,B17 0PD,"{'weight': 10, 'volume': 0.1}",52.447019,-1.951618
205,Zara Kaur,LE18 1AG,"{'weight': 10, 'volume': 0.1}",52.587224,-1.107771
206,Aiden Clarke,LE3 9EB,"{'weight': 30, 'volume': 0.2}",52.647435,-1.160024
207,Noah Smith,LE4 2DG,"{'weight': 30, 'volume': 0.2}",52.66146,-1.142501
208,Mohammed Ahmed,LE8 0WJ,"{'weight': 20, 'volume': 0.15}",52.541049,-1.008247
209,Aisha Iqbal,NG15 7UP,"{'weight': 10, 'volume': 0.1}",53.033849,-1.194027
210,Yasmin Morris,NG7 1SB,"{'weight': 30, 'volume': 0.2}",52.947345,-1.173133
211,George Smith,B8 3DT,"{'weight': 10, 'volume': 0.1}",52.487846,-1.84242
212,Aaron Hussain,B73 6HW,"{'weight': 10, 'volume': 0.1}",52.560463,-1.826448
213,Leon Wilson,B92 9QJ,"{'weight': 20, 'volume': 0.15}",52.431471,-1.762299
214,George Patel,NG15 9XF,"{'weight': 10, 'volume': 0.1}",53.085471,-1.166279
215,Aaron Shah,LE6 0DX,"{'weight': 20, 'volume': 0.15}",52.65988,-1.214194
216,Priya Evans,NG7 7DU,"{'weight': 30, 'volume': 0.2}",52.976774,-1.171603
217,Harry Begum,B1 3PY,"{'weight': 30, 'volume': 0.2}",52.482244,-1.909673
218,Lucas Kowalski,LE1 5EQ,"{'weight': 30, 'volume': 0.2}",52.63558,-1.133032
219,Noah Jones,B3 1JP,"{'weight': 30, 'volume': 0.2}",52.481946,-1.907406
220,George Thomas,CV4 9EP,"{'weight': 20, 'volume': 0.15}",52.404897,-1.560869
221,Ravi Iqbal,B14 7QU,"{'weight': 20, 'volume': 0.15}",52.433767,-1.895342
222,Isabella Khan,CV4 9PZ,"{'weight': 30, 'volume': 0.2}",52.409197,-1.583981
223,Isabella Singh,B12 0JD,"{'weight': 30, 'volume': 0.2}",52.471439,-1.880253
224,Zara Davis,B73 6UH,"{'weight': 30, 'volume': 0.2}",52.561668,-1.877159
225,Aiden Hussain,NG2 6RG,"{'weight': 20, 'volume': 0.15}",52.920708,-1.104701
226,Sarah Nwosu,NG5 0SR,"{'weight': 30, 'volume': 0.2}",52.996199,-1.133551
227,Priya Davis,CV6 4GT,"{'weight': 20, 'volume': 0.15}",52.450518,-1.518039
228,Zara Rahman,NG16 1HY,"{'weight': 10, 'volume': 0.1}",53.016696,-1.233448
229,Isabella Johnson,LE5 3JA,"{'weight': 30, 'volume': 0.2}",52.63687,-1.109392
230,Aisha Ali,LE6 0PB,"{'weight': 20, 'volume': 0.15}",52.65034,-1.244445
231,Leon Shah,CV5 8GU,"{'weight': 20, 'volume': 0.15}",52.412896,-1.545868
232,Sophia Patel,LE5 5FG,"{'weight': 20, 'volume': 0.15}",52.630185,-1.096762
233,Lucas Khan,LE3 1TL,"{'weight': 10, 'volume': 0.1}",52.63153,-1.190811
234,Aiden Wilson,B91 3UZ,"{'weight': 30, 'volume': 0.2}",52.401034,-1.782744
235,Aiden Williams,B21 8DY,"{'weight': 20, 'volume': 0.15}",52.514259,-1.940714
236,Aaron Ali,NG3 5QP,"{'weight': 30, 'volume': 0.2}",52.980847,-1.127558
237,Yasmin Walker,LE5 1QS,"{'weight': 20, 'volume': 0.15}",52.658852,-1.063985
238,Leon Smith,B24 9EY,"{'weight': 30, 'volume': 0.2}",52.525441,-1.828708
239,Aisha Nwosu,LE19 4EU,"{'weight': 10, 'volume': 0.1}",52.609939,-1.226251
240,Sophia Roberts,NG3 5GE,"{'weight': 20, 'volume': 0.15}",52.980605,-1.135159
241,Zara Patel,LE8 0HR,"{'weight': 20, 'volume': 0.15}",52.536182,-1.004626
242,Oliver Walker,LE8 5SG,"{'weight': 10, 'volume': 0.1}",52.555915,-1.142315
243,Amelia Clarke,NG15 5EH,"{'weight': 30, 'volume': 0.2}",53.037954,-1.204345
244,Aaron Evans,B7 4QG,"{'weight': 20, 'volume': 0.15}",52.490499,-1.873456
245,Ravi Roberts,CV13 0PD,"{'weight': 10, 'volume': 0.1}",52.624277,-1.416049
246,Aaron Patel,NG17 4FJ,"{'weight': 20, 'volume': 0.15}",53.13287,-1.251291
247,Oliver Wilson,LE1 4JS,"{'weight': 20, 'volume': 0.15}",52.637135,-1.14036
248,Sophia Brown,LE19 2LP,"{'weight': 20, 'volume': 0.15}",52.581357,-1.196115
249,Simran Johnson,B11 2NT,"{'weight': 30, 'volume': 0.2}",52.454816,-1.85609
250,Lucas Osei,CV5 8EW,"{'weight': 10, 'volume': 0.1}",52.407888,-1.545728
251,Daniel Evans,CV3 2LQ,"{'weight': 10, 'volume': 0.1}",52.394364,-1.447508
252,Sarah Smith,NG10 4LG,"{'weight': 10, 'volume': 0.1}",52.899919,-1.278663
253,Ravi Clarke,CV5 7EN,"{'weight': 10, 'volume': 0.1}",52.417378,-1.591593
254,Nadia Ahmed,NG16 5LS,"{'weight': 20, 'volume': 0.15}",53.060175,-1.331411
255,Daniel Jones,CV4 9ST,"{'weight': 30, 'volume': 0.2}",52.404495,-1.571383
256,Charlotte Hill,B5 7SA,"{'weight': 10, 'volume': 0.1}",52.451815,-1.912266
257,James Hill,NG3 3ER,"{'weight': 30, 'volume': 0.2}",52.976069,-1.125703
258,Zara Khan,CV1 4NX,"{'weight': 10, 'volume': 0.1}",52.423469,-1.505556
259,Fatima Iqbal,B15 3PS,"{'weight': 10, 'volume': 0.1}",52.470237,-1.944056
260,Simran Williams,CV5 8BW,"{'weight': 20, 'volume': 0.15}",52.411308,-1.52836
261,Lucas Williams,LE9 9LF,"{'weight': 20, 'volume': 0.15}",52.627725,-1.344704
262,Ravi Iqbal,LE3 5LH,"{'weight': 20, 'volume': 0.15}",52.631055,-1.146153
263,Liam Evans,B15 3PZ,"{'weight': 30, 'volume': 0.2}",52.468034,-1.943028
264,Simran Rahman,LE18 3RR,"{'weight': 20, 'volume': 0.15}",52.58892,-1.095514
265,Charlotte Walker,LE9 2EL,"{'weight': 20, 'volume': 0.15}",52.631762,-1.23519
266,Daniel Wilson,NG15 7JZ,"{'weight': 10, 'volume': 0.1}",53.034224,-1.204459
267,Zara Iqbal,B23 5DD,"{'weight': 10, 'volume': 0.1}",52.53517,-1.864599
268,Isabella Evans,CV4 8HR,"{'weight': 20, 'volume': 0.15}",52.390726,-1.592838
269,Fatima Roberts,NG3 2FT,"{'weight': 20, 'volume': 0.15}",52.958874,-1.128387
270,Sophia Brown,B5 7DU,"{'weight': 30, 'volume': 0.2}",52.468361,-1.896041
271,Ethan Taylor,LE8 0XH,"{'weight': 30, 'volume': 0.2}",52.545602,-1.00434
272,Simran Clarke,NG6 9EQ,"{'weight': 10, 'volume': 0.1}",52.996278,-1.182822
273,Harry Kaur,B10 0JZ,"{'weight': 30, 'volume': 0.2}",52.467389,-1.859803
274,Tyler Brown,CV3 5DR,"{'weight': 20, 'volume': 0.15}",52.391103,-1.511617
275,Yasmin Khan,NG3 5GA,"{'weight': 20, 'volume': 0.15}",52.979869,-1.137691
276,Noah Shah,B16 0QD,"{'weight': 10, 'volume': 0.1}",52.481992,-1.955055
277,Nadia Nwosu,CV2 2QB,"{'weight': 20, 'volume': 0.15}",52.445508,-1.461053
278,Zara Davis,LE3 6ND,"{'weight': 20, 'volume': 0.15}",52.637945,-1.189008
279,Simran Sharma,CV1 5AJ,"{'weight': 20, 'volume': 0.15}",52.416071,-1.494978
280,Harry Wilson,LE19 3YS,"{'weight': 20, 'volume': 0.15}",52.573442,-1.219736
281,Leon Smith,NG5 3BN,"{'weight': 30, 'volume': 0.2}",52.990991,-1.149312
282,Charlotte Kaur,CV4 9JH,"{'weight': 30, 'volume': 0.2}",52.399273,-1.579194
283,Charlotte Iqbal,CV11 6TZ,"{'weight': 30, 'volume': 0.2}",52.531505,-1.433731
284,George Morris,LE10 0ED,"{'weight': 30, 'volume': 0.2}",52.549828,-1.373191
285,Aisha Evans,NG2 5HB,"{'weight': 30, 'volume': 0.2}",52.933209,-1.11996
286,Yasmin Brown,CV6 3DZ,"{'weight': 10, 'volume': 0.1}",52.432298,-1.52093
287,Lucas Hill,CV3 2BA,"{'weight': 20, 'volume': 0.15}",52.393217,-1.414781
288,Isabella Singh,NG11 9GP,"{'weight': 10, 'volume': 0.1}",52.897193,-1.183615
289,Aiden Hill,B3 2PP,"{'weight': 20, 'volume': 0.15}",52.481659,-1.897586
290,Aaron Hill,NG10 4AJ,"{'weight': 20, 'volume': 0.15}",52.898263,-1.288814
291,Ethan Roberts,CV4 9BU,"{'weight': 20, 'volume': 0.15}",52.401854,-1.566838
292,Simran Davis,B23 7AA,"{'weight': 10, 'volume': 0.1}",52.531614,-1.859893
293,Yasmin Taylor,B74 2SB,"{'weight': 20, 'volume': 0.15}",52.576057,-1.829899
294,Daniel Ahmed,CV1 1JS,"{'weight': 20, 'volume': 0.15}",52.412551,-1.508985
295,George Ali,LE4 7RU,"{'weight': 30, 'volume': 0.2}",52.669064,-1.101108
296,Fatima Nwosu,LE8 5RH,"{'weight': 30, 'volume': 0.2}",52.557491,-1.138966
297,Aaron Thomas,B12 9HD,"{'weight': 20, 'volume': 0.15}",52.460736,-1.894425
298,Emily Davis,CV1 5LD,"{'weight': 30, 'volume': 0.2}",52.411037,-1.495183
299,Chloe Evans,LE2 6TZ,"{'weight': 10, 'volume': 0.1}",52.593633,-1.134346
300,Daniel Kowalski,LE1 2BN,"{'weight': 20, 'volume': 0.15}",52.638112,-1.12645
